{"cameraMode":{"drawMode":0,"name":"Shaded","section":"Shading Mode"},"sceneLighting":true,"audioPlay":false,"sceneViewState":{"m_AlwaysRefresh":false,"showFog":true,"showSkybox":true,"showFlares":true,"showImageEffects":true,"showParticleSystems":true,"showVisualEffectGraphs":true,"m_FxEnabled":true},"in2DMode":false,"pivot":{"x":-1.2519207000732422,"y":12.288019180297852,"z":6.870536804199219},"rotation":{"x":-0.022048376500606538,"y":0.9764944911003113,"z":-0.1761794239282608,"w":-0.12220563739538193},"size":25.065988540649415,"orthographic":false}