{"cameraMode":{"drawMode":0,"name":"Shaded","section":"Shading Mode"},"sceneLighting":true,"audioPlay":false,"sceneViewState":{"m_AlwaysRefresh":false,"showFog":true,"showSkybox":true,"showFlares":true,"showImageEffects":true,"showParticleSystems":true,"showVisualEffectGraphs":true,"m_FxEnabled":true},"in2DMode":false,"pivot":{"x":-27.319049835205079,"y":4.043413162231445,"z":33.04839324951172},"rotation":{"x":0.06230950355529785,"y":-0.7064496278762817,"z":0.06268449127674103,"w":0.7022237181663513},"size":49.047767639160159,"orthographic":false}